USD_Rate,Diesel_Price_Rs,Petrol_Price_Rs,Lorry_Quota_L,Bike_Quota_L,Rice_Price_Rs,Bread_Price_Rs,Power_Cut_Hours,Economic_Status,Power_Cut_Warning
320.7,402.8,415.42,150.0,6.0,236.65,129.86,0,Moderate_Stress,0
311.18,387.1,402.38,156.0,6.0,229.1,128.31,0,Normal,0
322.97,392.01,404.04,158.0,6.0,226.47,129.63,0,Normal,0
336.1,400.04,414.5,169.0,7.0,239.23,133.59,3,Moderate_Stress,1
309.74,383.18,389.71,163.0,5.0,233.37,128.95,0,Normal,0
309.74,380.13,397.2,153.0,7.0,222.27,131.8,0,Normal,0
336.94,416.43,432.44,162.0,4.0,252.03,136.03,2,Severe_Crisis,1
324.76,399.83,411.74,152.0,6.0,240.98,128.75,0,Normal,0
306.21,382.63,401.93,165.0,6.0,225.14,132.43,0,Normal,0
321.39,384.24,404.93,158.0,7.0,231.71,128.93,0,Normal,0
306.3,385.42,393.38,160.0,6.0,237.8,129.12,0,Normal,0
306.26,374.18,386.37,200.0,7.0,229.53,129.51,0,Normal,0
316.88,405.16,417.32,154.0,5.0,238.88,133.46,0,Moderate_Stress,0
300.0,358.11,369.41,193.0,8.0,217.8,128.91,0,Normal,0
300.0,382.36,402.51,157.0,6.0,227.86,129.49,0,Normal,0
304.82,372.52,387.55,200.0,7.0,222.44,125.2,0,Normal,0
300.0,358.49,373.16,192.0,8.0,208.6,132.2,0,Normal,0
317.96,380.82,386.8,146.0,7.0,240.74,131.17,0,Normal,0
300.0,361.8,380.97,198.0,7.0,221.06,125.55,0,Normal,0
300.0,369.24,379.05,200.0,8.0,224.88,129.63,0,Normal,0
335.23,410.75,427.05,166.0,8.0,244.17,136.92,3,Moderate_Stress,1
309.86,370.61,387.99,198.0,7.0,221.66,129.55,0,Normal,0
314.26,381.16,403.96,158.0,5.0,228.98,137.54,0,Normal,0
300.0,386.42,395.88,166.0,7.0,220.9,127.63,0,Normal,0
305.08,388.12,389.02,151.0,6.0,241.9,128.43,0,Normal,0
314.91,386.51,403.43,158.0,6.0,225.74,131.05,0,Normal,0
300.0,365.38,390.38,200.0,7.0,216.37,129.57,0,Normal,0
318.89,387.92,410.11,162.0,6.0,231.0,126.92,0,Normal,0
304.24,376.01,393.06,197.0,8.0,232.54,122.15,0,Normal,0
308.87,364.98,378.52,200.0,8.0,223.24,125.88,0,Normal,0
304.22,367.28,387.32,188.0,8.0,216.86,122.27,0,Normal,0
341.03,395.5,406.64,157.0,5.0,246.55,134.24,2,Moderate_Stress,1
313.05,384.0,402.38,162.0,5.0,234.31,131.68,0,Normal,0
300.0,371.47,390.0,195.0,5.0,226.36,124.29,0,Normal,0
325.59,389.59,410.9,160.0,6.0,238.7,128.33,0,Normal,0
300.0,380.74,410.54,162.0,7.0,238.88,128.09,0,Normal,0
316.38,371.58,389.54,198.0,8.0,237.91,132.02,0,Normal,0
300.0,350.36,363.81,200.0,8.0,212.84,119.76,0,Normal,0
300.0,367.24,383.12,195.0,8.0,230.31,129.0,0,Normal,0
316.2,394.1,401.26,159.0,6.0,236.74,134.11,0,Normal,0
324.33,409.82,422.34,163.0,7.0,244.45,137.31,4,Moderate_Stress,1
315.82,378.6,392.56,200.0,8.0,220.86,133.7,0,Normal,0
311.52,389.03,402.41,157.0,5.0,231.26,137.05,0,Normal,0
308.73,374.66,391.42,200.0,8.0,222.46,127.52,0,Normal,0
300.0,363.27,375.16,200.0,8.0,224.94,126.47,0,Normal,0
302.45,376.66,398.26,190.0,8.0,231.33,126.6,0,Normal,0
306.34,378.81,394.82,200.0,8.0,217.13,128.65,0,Normal,0
329.11,382.71,398.66,158.0,8.0,233.31,137.05,0,Normal,0
318.4,400.93,415.29,162.0,6.0,243.27,128.63,0,Moderate_Stress,0
300.0,378.8,395.58,200.0,8.0,225.3,125.11,0,Normal,0
318.11,379.57,399.7,193.0,7.0,233.77,134.62,0,Normal,0
307.47,377.55,389.22,196.0,8.0,229.04,131.75,0,Normal,0
303.1,373.5,386.21,199.0,8.0,226.7,126.54,0,Normal,0
322.43,393.4,407.88,156.0,7.0,234.47,135.08,0,Normal,0
328.71,392.52,401.79,169.0,5.0,230.69,134.4,0,Normal,0
327.22,389.59,401.49,156.0,7.0,229.84,137.35,0,Normal,0
300.66,365.51,379.12,197.0,8.0,225.26,126.69,0,Normal,0
308.61,386.63,407.0,161.0,7.0,230.79,132.84,0,Normal,0
318.22,391.39,408.7,154.0,7.0,233.59,139.61,0,Normal,0
327.88,393.36,410.33,158.0,6.0,234.78,135.13,0,Normal,0
306.06,379.69,399.94,200.0,8.0,226.23,128.84,0,Normal,0
310.47,348.55,363.86,198.0,8.0,222.97,128.4,0,Normal,0
300.0,376.49,394.44,200.0,7.0,223.74,126.37,0,Normal,0
300.0,347.6,363.09,197.0,8.0,208.61,131.74,0,Normal,0
325.44,390.63,407.96,152.0,5.0,239.18,133.23,0,Normal,0
333.59,392.44,405.52,162.0,6.0,236.7,133.28,0,Moderate_Stress,0
312.17,366.05,369.85,200.0,8.0,224.36,125.74,0,Normal,0
328.3,409.16,424.49,160.0,7.0,250.55,138.27,1,Severe_Crisis,1
318.67,381.8,404.91,161.0,5.0,230.91,133.4,0,Normal,0
303.57,372.57,393.21,200.0,8.0,226.21,126.11,0,Normal,0
318.67,386.0,406.83,154.0,7.0,226.59,132.94,0,Normal,0
336.32,411.54,433.72,169.0,6.0,243.85,131.89,3,Moderate_Stress,1
312.71,380.39,396.83,161.0,5.0,232.38,130.31,0,Normal,0
336.72,394.4,411.38,168.0,6.0,231.26,136.12,1,Moderate_Stress,1
300.0,374.96,387.87,196.0,8.0,225.89,132.43,0,Normal,0
325.58,389.48,403.9,169.0,7.0,235.59,130.28,0,Normal,0
314.56,366.17,385.25,200.0,8.0,224.93,124.78,0,Normal,0
308.76,370.8,392.82,200.0,6.0,230.37,125.52,0,Normal,0
314.63,396.83,412.13,161.0,6.0,237.14,127.68,0,Normal,0
300.0,373.5,387.25,199.0,8.0,231.77,131.17,0,Normal,0
309.95,372.96,388.96,200.0,8.0,221.21,133.25,0,Normal,0
318.61,382.91,401.91,161.0,6.0,232.07,131.85,0,Normal,0
335.42,402.51,411.3,150.0,8.0,242.04,139.04,2,Moderate_Stress,1
305.48,392.06,396.58,154.0,4.0,226.62,130.24,0,Normal,0
301.12,370.11,383.36,199.0,8.0,228.19,126.71,0,Normal,0
305.72,375.88,385.78,200.0,8.0,237.98,127.26,0,Normal,0
326.98,406.33,419.79,160.0,7.0,241.18,133.56,1,Moderate_Stress,1
318.18,388.3,403.56,166.0,6.0,235.72,126.73,0,Normal,0
305.3,368.51,382.24,190.0,8.0,224.11,128.25,0,Normal,0
320.95,387.13,410.39,161.0,6.0,229.77,131.55,0,Normal,0
314.71,381.2,398.83,151.0,5.0,220.91,132.37,0,Normal,0
327.78,396.57,414.08,164.0,8.0,234.48,133.92,0,Normal,0
302.72,375.4,394.51,200.0,8.0,218.63,127.27,0,Normal,0
308.34,375.1,385.41,200.0,8.0,235.12,125.96,0,Normal,0
307.37,380.8,402.0,156.0,8.0,227.83,129.21,0,Normal,0
300.0,364.19,379.81,200.0,7.0,219.39,128.45,0,Normal,0
317.69,386.13,405.48,165.0,7.0,236.78,127.65,0,Normal,0
317.17,364.76,375.4,200.0,7.0,219.14,129.13,0,Normal,0
313.33,389.49,397.72,159.0,6.0,228.8,131.46,0,Normal,0
309.73,379.66,399.75,200.0,8.0,228.82,127.08,0,Normal,0
300.0,374.98,392.86,196.0,6.0,230.04,125.55,0,Normal,0
306.94,344.02,355.51,200.0,7.0,217.95,125.95,0,Normal,0
308.11,395.21,406.86,168.0,8.0,234.84,127.15,0,Normal,0
301.22,365.0,386.63,200.0,8.0,222.03,127.54,0,Normal,0
310.83,388.54,398.59,156.0,6.0,233.81,127.6,0,Normal,0
319.31,376.81,401.02,200.0,8.0,230.4,133.58,0,Normal,0
341.54,418.9,430.4,154.0,6.0,243.42,144.95,3,Moderate_Stress,1
315.87,372.71,391.91,200.0,8.0,227.5,126.88,0,Normal,0
317.11,378.44,392.8,200.0,8.0,224.16,131.83,0,Normal,0
312.13,398.09,417.11,151.0,7.0,235.81,129.26,0,Normal,0
300.0,363.09,376.37,194.0,8.0,218.33,129.24,0,Normal,0
312.85,381.95,397.14,159.0,6.0,242.6,126.14,0,Normal,0
314.15,389.98,406.18,158.0,8.0,232.77,132.37,0,Normal,0
350.2,427.69,438.67,94.0,2.0,246.36,137.49,2,Moderate_Stress,1
310.36,378.42,398.13,200.0,8.0,227.5,128.59,0,Normal,0
317.77,389.09,402.52,161.0,6.0,235.98,128.29,0,Normal,0
312.73,403.67,418.53,159.0,6.0,245.85,134.56,0,Moderate_Stress,0
300.0,364.42,375.45,196.0,6.0,218.25,123.74,0,Normal,0
330.39,401.96,405.15,165.0,6.0,232.5,136.22,3,Moderate_Stress,1
324.53,403.71,418.76,168.0,5.0,243.94,132.83,0,Moderate_Stress,0
325.12,404.94,433.0,158.0,6.0,233.5,133.73,1,Moderate_Stress,1
300.0,376.87,396.79,197.0,8.0,223.37,127.94,0,Normal,0
334.29,410.82,426.73,162.0,7.0,243.01,133.75,4,Moderate_Stress,1
300.0,353.57,368.26,198.0,8.0,217.05,125.8,0,Normal,0
322.05,406.7,422.81,159.0,7.0,243.85,138.38,0,Moderate_Stress,0
346.11,406.56,425.3,164.0,5.0,241.75,135.05,2,Moderate_Stress,1
300.0,368.03,378.12,190.0,7.0,221.09,130.13,0,Normal,0
304.76,362.93,384.5,200.0,8.0,221.55,131.31,0,Normal,0
314.74,381.32,400.89,160.0,6.0,230.81,127.71,0,Normal,0
305.7,374.84,394.43,198.0,8.0,226.47,123.79,0,Normal,0
300.0,368.21,386.41,200.0,8.0,224.7,127.54,0,Normal,0
314.28,385.64,401.74,160.0,6.0,235.7,128.88,0,Normal,0
300.0,381.14,400.5,151.0,7.0,229.01,133.53,0,Normal,0
320.35,392.94,411.9,167.0,8.0,237.52,132.26,0,Normal,0
300.0,362.56,376.79,200.0,8.0,212.63,123.66,0,Normal,0
336.5,416.61,429.75,162.0,6.0,247.02,133.51,3,Moderate_Stress,1
301.5,378.62,395.13,200.0,8.0,228.87,131.17,0,Normal,0
308.42,362.41,386.15,195.0,8.0,225.82,125.6,0,Normal,0
325.45,400.24,410.05,162.0,7.0,235.36,133.79,0,Moderate_Stress,0
300.0,372.01,380.67,199.0,8.0,220.56,129.88,0,Normal,0
316.66,381.19,398.01,164.0,7.0,227.53,128.98,0,Normal,0
332.86,416.54,432.8,149.0,8.0,248.69,136.26,1,Moderate_Stress,1
300.0,363.5,380.37,200.0,8.0,226.04,126.11,0,Normal,0
316.02,384.68,401.9,157.0,7.0,229.45,132.73,0,Normal,0
317.15,382.99,397.87,162.0,5.0,235.67,132.46,0,Normal,0
324.98,393.88,417.33,162.0,4.0,237.12,132.29,0,Normal,0
300.0,354.04,362.03,196.0,8.0,216.94,125.41,0,Normal,0
300.0,350.6,362.46,196.0,8.0,215.3,123.76,0,Normal,0
321.08,405.19,420.67,159.0,6.0,243.41,129.06,0,Moderate_Stress,0
317.7,376.89,384.67,196.0,8.0,230.73,130.93,0,Normal,0
317.01,374.64,389.77,200.0,8.0,239.56,135.5,0,Normal,0
318.45,364.68,388.99,198.0,8.0,220.72,126.4,0,Normal,0
303.05,362.12,378.22,185.0,8.0,223.59,124.16,0,Normal,0
316.73,371.01,388.17,198.0,7.0,224.21,126.81,0,Normal,0
317.65,401.71,411.41,155.0,7.0,233.43,134.8,0,Moderate_Stress,0
302.53,378.01,390.93,192.0,8.0,226.41,129.34,0,Normal,0
341.24,405.54,419.66,154.0,7.0,244.52,136.08,1,Moderate_Stress,1
320.36,410.94,425.35,161.0,6.0,256.14,131.21,2,Severe_Crisis,1
300.0,374.82,397.23,200.0,7.0,223.92,127.57,0,Normal,0
323.1,388.31,407.1,162.0,6.0,228.53,127.41,0,Normal,0
300.0,340.01,350.45,197.0,8.0,214.02,124.24,0,Normal,0
325.06,416.72,433.96,162.0,7.0,234.14,137.86,1,Moderate_Stress,1
330.63,386.33,404.82,158.0,6.0,234.53,129.29,0,Moderate_Stress,0
300.94,349.63,371.33,197.0,6.0,216.29,120.32,0,Normal,0
327.7,407.08,430.98,154.0,6.0,245.64,139.41,4,Moderate_Stress,1
319.44,411.76,422.68,151.0,7.0,246.52,132.07,4,Moderate_Stress,1
325.58,408.26,420.21,158.0,6.0,239.14,137.88,2,Moderate_Stress,1
341.7,418.6,428.31,161.0,6.0,247.75,137.47,1,Moderate_Stress,1
309.57,381.95,396.78,160.0,7.0,225.42,128.96,0,Normal,0
301.94,375.77,394.1,198.0,7.0,219.92,129.0,0,Normal,0
300.0,372.59,393.53,195.0,6.0,225.61,124.42,0,Normal,0
301.01,368.98,384.6,200.0,8.0,216.63,127.26,0,Normal,0
312.09,379.95,394.35,193.0,8.0,226.98,128.48,0,Normal,0
318.37,385.5,402.26,164.0,5.0,227.27,127.16,0,Normal,0
317.4,377.47,389.3,195.0,8.0,231.99,131.18,0,Normal,0
325.66,391.7,418.15,156.0,7.0,244.88,132.04,0,Normal,0
313.45,363.53,371.49,193.0,8.0,217.07,127.71,0,Normal,0
335.05,404.33,421.25,157.0,7.0,232.91,131.87,2,Moderate_Stress,1
309.28,365.79,391.9,200.0,8.0,222.91,132.56,0,Normal,0
354.05,416.12,432.16,163.0,6.0,250.18,142.16,3,Severe_Crisis,1
322.64,392.83,407.88,165.0,7.0,236.76,135.38,0,Normal,0
300.39,379.37,393.58,200.0,7.0,224.28,126.89,0,Normal,0
300.0,374.18,389.28,194.0,7.0,223.61,122.04,0,Normal,0
320.49,372.86,395.72,198.0,7.0,230.08,136.03,0,Normal,0
309.9,366.49,371.43,196.0,8.0,229.1,127.76,0,Normal,0
323.96,401.96,425.63,167.0,7.0,229.35,131.36,0,Moderate_Stress,0
320.35,378.58,387.46,194.0,8.0,228.38,131.97,0,Normal,0
312.16,376.73,391.4,200.0,7.0,229.01,132.81,0,Normal,0
300.55,371.13,384.98,200.0,8.0,219.07,126.94,0,Normal,0
300.0,355.32,374.26,200.0,8.0,226.67,129.18,0,Normal,0
306.55,373.59,381.6,198.0,8.0,222.54,131.4,0,Normal,0
326.1,381.67,399.98,164.0,7.0,232.25,128.66,0,Normal,0
316.46,377.92,404.04,200.0,8.0,231.99,128.05,0,Normal,0
300.0,368.2,377.38,197.0,6.0,219.56,129.5,0,Normal,0
315.85,367.29,384.24,192.0,6.0,216.14,120.78,0,Normal,0
319.03,391.29,403.98,151.0,6.0,232.26,131.35,0,Normal,0
300.0,364.8,382.93,200.0,8.0,226.48,122.0,0,Normal,0
315.56,388.41,404.51,151.0,5.0,231.02,129.56,0,Normal,0
314.12,383.48,396.27,158.0,3.0,226.46,129.38,0,Normal,0
300.0,378.64,397.08,200.0,8.0,230.8,126.6,0,Normal,0
318.62,387.66,412.68,161.0,7.0,231.4,129.71,0,Normal,0
321.66,385.62,400.66,162.0,5.0,230.4,128.33,0,Normal,0
329.5,400.14,419.74,161.0,5.0,240.35,141.13,0,Moderate_Stress,0
329.06,403.85,413.38,166.0,5.0,244.66,140.16,1,Moderate_Stress,1
300.0,365.49,376.71,195.0,8.0,233.48,122.88,0,Normal,0
300.0,365.41,383.77,197.0,7.0,225.68,131.1,0,Normal,0
320.98,382.1,405.52,156.0,7.0,237.38,129.97,0,Normal,0
320.96,382.47,400.25,164.0,4.0,229.18,131.59,0,Normal,0
320.98,375.1,389.53,200.0,7.0,224.0,130.28,0,Normal,0
371.04,464.19,480.19,102.0,3.0,270.64,144.91,4,Severe_Crisis,1
321.81,377.65,387.39,200.0,8.0,230.72,133.8,0,Normal,0
330.28,392.9,411.92,154.0,6.0,231.83,134.02,0,Moderate_Stress,0
327.56,389.51,409.92,168.0,7.0,234.61,131.47,0,Normal,0
323.02,400.42,414.16,168.0,5.0,240.4,129.39,0,Moderate_Stress,0
308.52,371.85,385.5,200.0,8.0,227.3,125.59,0,Normal,0
324.63,405.81,423.14,169.0,7.0,243.13,129.16,4,Moderate_Stress,1
301.66,360.17,373.99,192.0,8.0,221.5,126.11,0,Normal,0
309.7,378.94,394.61,197.0,8.0,225.68,125.57,0,Normal,0
305.97,363.51,390.01,196.0,8.0,219.5,126.26,0,Normal,0
314.48,403.1,417.87,164.0,5.0,231.64,136.4,0,Moderate_Stress,0
347.97,408.29,422.5,155.0,4.0,255.07,141.43,2,Severe_Crisis,1
300.0,368.1,380.86,200.0,8.0,222.55,126.53,0,Normal,0
323.54,398.41,418.13,167.0,6.0,236.68,132.92,0,Normal,0
300.0,369.14,384.23,200.0,8.0,218.2,132.37,0,Normal,0
306.17,370.24,383.0,200.0,7.0,239.15,129.32,0,Normal,0
329.58,397.72,420.33,155.0,7.0,233.4,133.04,0,Normal,0
314.21,381.78,404.88,156.0,8.0,227.97,125.85,0,Normal,0
300.0,363.53,376.53,200.0,8.0,222.96,127.35,0,Normal,0
302.52,377.54,384.2,200.0,8.0,229.29,130.43,0,Normal,0
323.44,414.07,435.1,160.0,6.0,248.05,132.84,1,Moderate_Stress,1
302.29,362.06,374.64,198.0,6.0,229.87,127.24,0,Normal,0
316.5,370.27,390.23,190.0,8.0,229.08,128.22,0,Normal,0
313.93,380.14,386.29,155.0,6.0,224.21,129.36,0,Normal,0
303.48,394.79,415.26,170.0,7.0,231.24,122.35,0,Normal,0
345.41,409.18,419.13,154.0,5.0,247.49,136.88,2,Moderate_Stress,1
322.76,407.56,427.22,161.0,5.0,251.19,136.89,1,Severe_Crisis,1
300.0,381.78,397.85,165.0,8.0,220.28,126.1,0,Normal,0
316.05,377.92,389.15,194.0,8.0,235.14,130.17,0,Normal,0
303.32,374.51,388.48,200.0,8.0,226.29,125.49,0,Normal,0
326.04,411.23,430.66,165.0,6.0,246.98,135.92,1,Moderate_Stress,1
301.36,362.78,379.3,200.0,6.0,220.38,125.64,0,Normal,0
311.53,376.22,395.14,200.0,8.0,223.42,126.35,0,Normal,0
320.82,383.13,409.01,152.0,6.0,235.67,135.25,0,Normal,0
326.24,385.02,393.2,165.0,7.0,236.93,135.04,0,Normal,0
300.0,358.51,382.59,199.0,8.0,223.99,123.85,0,Normal,0
308.23,362.23,378.75,200.0,6.0,222.01,128.76,0,Normal,0
306.13,372.39,383.89,200.0,8.0,222.21,129.58,0,Normal,0
303.45,361.27,370.62,196.0,8.0,212.99,128.38,0,Normal,0
339.73,413.03,428.08,161.0,7.0,250.25,131.99,2,Severe_Crisis,1
319.32,371.66,392.27,191.0,8.0,229.72,132.9,0,Normal,0
300.0,368.31,383.67,200.0,8.0,217.73,124.93,0,Normal,0
327.02,404.41,427.96,161.0,7.0,237.9,133.23,2,Moderate_Stress,1
345.08,396.91,405.65,163.0,7.0,239.25,144.18,3,Moderate_Stress,1
328.74,401.79,417.73,165.0,5.0,232.61,135.21,3,Moderate_Stress,1
300.0,377.28,387.01,200.0,8.0,221.61,126.38,0,Normal,0
305.99,359.79,377.61,200.0,8.0,215.1,120.07,0,Normal,0
332.25,418.82,439.25,156.0,6.0,244.62,140.7,3,Moderate_Stress,1
302.63,372.22,386.12,196.0,8.0,220.76,123.39,0,Normal,0
319.91,380.84,383.82,166.0,6.0,222.79,127.87,0,Normal,0
324.87,393.04,410.04,167.0,6.0,246.3,131.85,0,Normal,0
300.0,370.58,388.77,199.0,8.0,229.62,131.12,0,Normal,0
312.36,379.97,397.99,200.0,8.0,225.22,131.98,0,Normal,0
300.0,370.39,392.57,195.0,8.0,224.65,126.38,0,Normal,0
300.0,355.79,366.44,200.0,8.0,220.26,126.32,0,Normal,0
309.46,377.57,396.98,200.0,8.0,233.65,127.19,0,Normal,0
300.0,350.86,372.83,200.0,8.0,212.36,125.32,0,Normal,0
337.74,407.28,414.39,156.0,7.0,249.21,136.42,2,Moderate_Stress,1
300.0,355.96,373.56,198.0,6.0,215.5,128.31,0,Normal,0
306.65,365.29,378.77,200.0,7.0,216.15,130.24,0,Normal,0
315.21,394.85,410.45,163.0,7.0,238.51,133.06,0,Normal,0
334.87,416.01,433.75,159.0,6.0,252.68,135.56,1,Severe_Crisis,1
300.0,371.09,384.66,196.0,7.0,236.47,129.15,0,Normal,0
330.7,389.38,402.0,164.0,5.0,230.07,133.08,0,Moderate_Stress,0
313.4,377.25,393.42,200.0,7.0,231.86,126.3,0,Normal,0
300.0,377.13,387.69,195.0,6.0,223.6,126.32,0,Normal,0
320.18,389.63,400.2,167.0,6.0,237.97,132.06,0,Normal,0
316.24,406.86,426.26,166.0,6.0,231.95,135.66,0,Moderate_Stress,0
304.25,373.82,384.07,200.0,7.0,219.02,127.28,0,Normal,0
314.3,383.36,402.69,160.0,6.0,226.81,126.67,0,Normal,0
307.47,370.5,388.81,200.0,8.0,225.21,128.15,0,Normal,0
314.95,383.53,390.9,156.0,8.0,227.67,130.75,0,Normal,0
323.18,390.13,402.75,160.0,5.0,238.13,132.86,0,Normal,0
337.04,414.68,436.65,149.0,8.0,251.33,139.6,1,Severe_Crisis,1
300.0,374.57,385.66,200.0,8.0,227.75,130.33,0,Normal,0
345.25,409.17,422.85,152.0,6.0,254.0,135.73,4,Severe_Crisis,1
300.0,351.69,370.0,200.0,8.0,218.82,123.13,0,Normal,0
310.97,359.26,379.17,198.0,8.0,215.5,124.26,0,Normal,0
322.07,395.47,410.21,159.0,7.0,243.29,134.77,0,Normal,0
317.46,374.05,387.06,197.0,8.0,225.04,134.18,0,Normal,0
303.91,347.97,371.08,199.0,8.0,220.77,124.25,0,Normal,0
310.13,380.53,405.23,167.0,7.0,236.73,128.66,0,Normal,0
305.85,396.66,417.56,148.0,6.0,235.94,134.76,0,Normal,0
304.41,370.01,386.44,200.0,7.0,216.55,128.99,0,Normal,0
325.99,403.28,415.24,162.0,6.0,235.41,135.35,0,Moderate_Stress,0
318.61,387.21,399.06,154.0,8.0,239.51,127.75,0,Normal,0
302.86,367.3,385.91,195.0,6.0,221.93,129.01,0,Normal,0
326.74,404.95,423.04,168.0,5.0,241.13,131.53,2,Moderate_Stress,1
317.86,382.64,405.64,155.0,7.0,234.94,127.35,0,Normal,0
325.44,396.93,416.19,154.0,5.0,241.15,132.28,0,Normal,0
322.69,394.32,402.8,166.0,6.0,237.59,130.89,0,Normal,0
300.82,359.26,380.52,200.0,8.0,218.51,125.2,0,Normal,0
304.85,380.49,391.5,155.0,5.0,226.23,124.27,0,Normal,0
324.46,391.38,405.46,161.0,5.0,239.81,135.5,0,Normal,0
322.41,383.21,400.46,155.0,7.0,235.02,134.88,0,Normal,0
312.94,385.24,411.22,166.0,5.0,229.79,124.44,0,Normal,0
315.01,373.28,404.83,200.0,6.0,232.71,132.33,0,Normal,0
332.41,402.56,421.59,163.0,6.0,240.38,132.5,2,Moderate_Stress,1
304.38,369.94,385.03,200.0,8.0,219.75,130.03,0,Normal,0
321.46,400.53,419.21,169.0,6.0,234.33,132.88,0,Moderate_Stress,0
310.22,381.5,401.93,160.0,6.0,224.32,129.58,0,Normal,0
309.98,376.23,390.63,194.0,8.0,225.97,128.38,0,Normal,0
329.73,407.37,432.35,162.0,5.0,248.34,138.65,4,Moderate_Stress,1
325.63,408.38,425.53,170.0,7.0,237.68,130.78,2,Moderate_Stress,1
325.45,399.85,418.34,155.0,7.0,239.63,135.44,0,Normal,0
332.83,402.86,422.19,158.0,6.0,237.93,138.33,3,Moderate_Stress,1
313.57,367.48,385.59,200.0,8.0,223.68,130.74,0,Normal,0
323.48,381.35,401.54,160.0,5.0,224.27,138.44,0,Normal,0
308.6,371.83,384.75,195.0,8.0,224.41,126.7,0,Normal,0
318.11,379.73,392.94,200.0,8.0,229.21,133.37,0,Normal,0
311.3,376.12,386.62,200.0,8.0,230.25,128.8,0,Normal,0
314.7,382.48,400.67,161.0,6.0,231.57,133.97,0,Normal,0
322.18,395.8,415.7,155.0,6.0,230.62,132.7,0,Normal,0
300.98,365.42,383.71,192.0,8.0,227.16,125.34,0,Normal,0
344.64,421.2,445.57,101.0,3.0,251.05,142.55,1,Severe_Crisis,1
300.0,365.64,381.62,200.0,7.0,222.62,124.9,0,Normal,0
300.0,345.25,364.59,200.0,8.0,214.44,120.1,0,Normal,0
330.62,390.82,401.36,160.0,6.0,233.97,131.94,0,Moderate_Stress,0
325.12,392.45,406.52,157.0,7.0,237.12,134.68,0,Normal,0
322.61,378.91,398.38,195.0,8.0,233.17,135.27,0,Normal,0
322.68,397.08,417.32,164.0,6.0,228.43,133.25,0,Normal,0
313.07,395.33,409.86,165.0,7.0,231.94,135.26,0,Normal,0
300.0,377.19,392.83,192.0,7.0,224.39,123.46,0,Normal,0
314.39,379.41,387.82,200.0,8.0,230.6,128.58,0,Normal,0
303.09,383.46,397.68,163.0,7.0,234.45,127.76,0,Normal,0
327.88,398.54,419.0,167.0,7.0,234.86,133.5,0,Normal,0
311.04,374.33,393.21,193.0,7.0,224.38,129.15,0,Normal,0
300.87,359.86,378.37,193.0,6.0,217.21,128.0,0,Normal,0
308.43,371.67,387.92,199.0,8.0,221.41,126.91,0,Normal,0
319.44,383.48,399.51,163.0,4.0,230.02,131.49,0,Normal,0
304.79,372.22,384.92,200.0,8.0,228.74,127.62,0,Normal,0
300.92,367.66,387.15,200.0,8.0,217.25,123.94,0,Normal,0
316.91,384.47,402.58,159.0,7.0,233.74,130.45,0,Normal,0
316.92,388.83,407.29,155.0,8.0,224.62,130.8,0,Normal,0
305.65,383.4,396.77,166.0,7.0,226.16,128.5,0,Normal,0
306.18,381.61,386.84,155.0,6.0,226.8,129.0,0,Normal,0
316.73,369.39,390.88,200.0,8.0,234.66,129.49,0,Normal,0
300.0,339.46,353.07,199.0,8.0,211.09,122.46,0,Normal,0
300.0,374.34,386.03,200.0,6.0,213.66,131.06,0,Normal,0
302.47,354.18,373.64,200.0,7.0,208.11,122.09,0,Normal,0
310.05,374.31,388.35,199.0,7.0,226.84,126.59,0,Normal,0
317.91,373.9,395.2,197.0,6.0,231.17,138.23,0,Normal,0
335.38,387.67,406.75,158.0,6.0,238.29,130.77,0,Moderate_Stress,0
326.11,400.45,419.86,162.0,6.0,239.87,129.71,0,Moderate_Stress,0
310.85,385.07,394.24,160.0,5.0,236.41,132.15,0,Normal,0
312.96,374.14,396.2,197.0,8.0,224.5,122.94,0,Normal,0
300.0,339.09,356.4,199.0,8.0,216.81,123.02,0,Normal,0
312.97,374.46,388.61,200.0,8.0,219.14,135.64,0,Normal,0
308.92,379.18,395.89,189.0,8.0,223.62,124.43,0,Normal,0
318.09,371.02,378.13,200.0,8.0,218.09,123.68,0,Normal,0
300.84,367.8,385.84,195.0,8.0,221.17,122.22,0,Normal,0
321.04,389.04,399.9,154.0,7.0,233.79,134.57,0,Normal,0
336.24,412.47,421.71,152.0,6.0,245.83,139.87,4,Moderate_Stress,1
311.62,379.56,387.95,191.0,8.0,229.13,127.97,0,Normal,0
319.28,377.44,399.0,193.0,8.0,224.97,132.5,0,Normal,0
323.6,404.11,416.96,156.0,6.0,238.86,137.93,0,Moderate_Stress,0
307.23,371.73,395.4,200.0,8.0,217.72,133.43,0,Normal,0
316.61,383.83,397.15,157.0,6.0,238.13,129.95,0,Normal,0
313.44,371.12,378.59,200.0,8.0,224.71,122.04,0,Normal,0
314.72,377.49,387.91,200.0,7.0,226.27,127.31,0,Normal,0
301.65,358.06,380.23,200.0,8.0,227.24,124.59,0,Normal,0
313.62,378.93,394.15,200.0,6.0,222.79,128.97,0,Normal,0
320.72,405.95,419.2,154.0,6.0,234.25,132.95,0,Moderate_Stress,0
335.02,391.55,408.35,167.0,5.0,232.22,137.58,0,Moderate_Stress,0
327.64,380.65,399.16,169.0,7.0,232.07,135.85,0,Normal,0
345.55,432.09,453.68,92.0,5.0,256.15,139.34,4,Severe_Crisis,1
301.74,364.91,388.15,195.0,8.0,225.41,129.86,0,Normal,0
326.33,388.59,402.8,159.0,4.0,247.78,133.7,0,Normal,0
316.0,393.8,403.17,155.0,8.0,223.43,131.79,0,Normal,0
346.1,411.96,425.89,163.0,7.0,250.1,140.64,1,Severe_Crisis,1
301.13,384.55,401.86,156.0,6.0,225.68,128.65,0,Normal,0
300.65,372.53,383.71,200.0,8.0,221.23,133.34,0,Normal,0
304.26,365.02,376.23,200.0,8.0,219.16,122.64,0,Normal,0
300.0,386.57,404.29,161.0,6.0,224.41,126.92,0,Normal,0
305.36,365.11,380.87,200.0,8.0,230.93,126.75,0,Normal,0
301.86,374.56,390.73,200.0,7.0,229.33,128.87,0,Normal,0
315.51,385.82,398.03,157.0,6.0,231.91,134.52,0,Normal,0
318.38,399.15,414.0,156.0,6.0,243.78,132.41,0,Normal,0
341.39,428.22,439.6,100.0,3.0,244.24,134.58,4,Moderate_Stress,1
327.51,396.95,417.4,164.0,7.0,231.43,136.16,0,Normal,0
304.6,362.75,383.93,200.0,8.0,210.64,129.04,0,Normal,0
300.0,369.6,376.37,192.0,8.0,219.51,120.95,0,Normal,0
320.63,381.95,393.3,156.0,7.0,232.27,131.09,0,Normal,0
300.0,385.13,393.65,160.0,7.0,228.96,123.56,0,Normal,0
340.72,413.2,425.95,160.0,6.0,247.16,135.25,4,Moderate_Stress,1
330.94,396.93,412.51,170.0,7.0,231.71,131.44,0,Moderate_Stress,0
306.21,373.99,382.74,193.0,7.0,229.81,130.57,0,Normal,0
300.0,351.53,362.92,200.0,7.0,217.88,125.32,0,Normal,0
333.56,393.88,404.86,167.0,5.0,241.88,130.38,0,Moderate_Stress,0
311.53,390.27,407.3,171.0,7.0,223.09,133.21,0,Normal,0
331.82,395.02,411.37,158.0,7.0,239.83,129.79,0,Moderate_Stress,0
300.0,354.53,366.92,200.0,8.0,211.8,126.26,0,Normal,0
304.26,375.26,392.15,200.0,8.0,223.86,125.54,0,Normal,0
313.33,392.18,405.45,161.0,6.0,236.25,129.93,0,Normal,0
313.95,388.24,402.88,160.0,7.0,232.78,132.24,0,Normal,0
306.5,382.43,406.8,162.0,6.0,224.54,130.6,0,Normal,0
322.59,383.41,406.12,147.0,7.0,232.39,135.55,0,Normal,0
300.0,350.78,360.28,200.0,8.0,208.77,124.64,0,Normal,0
311.11,392.79,412.94,161.0,6.0,239.1,131.68,0,Normal,0
315.05,379.09,399.14,199.0,8.0,228.31,128.67,0,Normal,0
320.97,386.6,396.86,170.0,7.0,238.75,132.16,0,Normal,0
323.92,405.79,425.89,157.0,6.0,237.83,135.3,0,Moderate_Stress,0
300.0,370.56,394.25,198.0,8.0,220.73,126.57,0,Normal,0
300.0,369.56,379.95,200.0,7.0,219.17,121.36,0,Normal,0
332.42,423.93,435.34,96.0,2.0,252.89,138.06,2,Severe_Crisis,1
318.23,379.53,400.62,197.0,8.0,226.59,131.59,0,Normal,0
302.02,376.6,393.96,199.0,8.0,229.09,125.74,0,Normal,0
336.52,407.57,426.32,164.0,7.0,241.69,132.19,3,Moderate_Stress,1
314.99,384.92,402.62,161.0,4.0,221.49,134.98,0,Normal,0
330.94,415.87,433.82,154.0,6.0,242.54,137.51,2,Moderate_Stress,1
314.26,386.48,395.85,157.0,4.0,225.88,129.91,0,Normal,0
344.16,421.17,442.4,97.0,5.0,250.06,135.14,2,Severe_Crisis,1
339.58,421.24,443.09,100.0,3.0,243.05,135.41,4,Moderate_Stress,1
309.52,372.29,387.15,200.0,8.0,230.49,132.38,0,Normal,0
327.82,388.61,404.39,162.0,7.0,234.77,133.26,0,Normal,0
322.93,380.92,389.27,151.0,5.0,230.67,129.69,0,Normal,0
333.78,384.18,402.75,165.0,5.0,238.15,134.83,0,Moderate_Stress,0
300.0,385.56,404.42,161.0,7.0,233.42,125.93,0,Normal,0
323.54,381.04,396.73,167.0,6.0,231.62,135.95,0,Normal,0
329.13,396.28,417.9,162.0,7.0,234.32,137.87,0,Normal,0
300.0,362.23,376.56,200.0,8.0,211.56,124.64,0,Normal,0
300.0,368.07,386.9,200.0,6.0,219.05,124.73,0,Normal,0
300.0,373.16,384.06,200.0,6.0,221.17,119.27,0,Normal,0
309.21,384.19,400.08,163.0,7.0,230.5,125.17,0,Normal,0
324.01,386.78,401.91,160.0,6.0,232.1,128.07,0,Normal,0
335.79,404.48,421.61,171.0,6.0,245.82,136.03,1,Moderate_Stress,1
314.36,384.34,398.49,164.0,7.0,227.98,129.42,0,Normal,0
337.68,405.84,421.19,163.0,8.0,242.95,132.01,3,Moderate_Stress,1
300.0,381.07,401.2,154.0,6.0,232.95,127.08,0,Normal,0
300.0,369.91,383.73,194.0,8.0,224.83,128.32,0,Normal,0
312.42,386.63,394.6,161.0,7.0,231.15,131.92,0,Normal,0
319.01,393.49,418.24,161.0,5.0,232.16,126.31,0,Normal,0
312.76,391.41,414.32,157.0,7.0,230.03,130.48,0,Normal,0
300.0,366.81,376.35,200.0,8.0,217.78,122.34,0,Normal,0
311.91,365.73,385.18,200.0,8.0,221.33,130.88,0,Normal,0
300.0,369.0,382.48,200.0,6.0,226.58,129.06,0,Normal,0
323.3,385.28,402.59,154.0,6.0,232.05,129.14,0,Normal,0
318.75,381.28,398.75,159.0,6.0,224.1,128.45,0,Normal,0
300.0,370.86,385.69,196.0,8.0,232.29,125.52,0,Normal,0
305.54,383.76,395.84,158.0,7.0,230.67,122.26,0,Normal,0
300.0,365.21,377.76,198.0,8.0,214.44,127.34,0,Normal,0
312.31,382.24,393.66,158.0,6.0,227.69,129.06,0,Normal,0
327.58,413.74,425.58,154.0,6.0,244.53,138.23,3,Moderate_Stress,1
300.0,367.41,383.07,199.0,8.0,230.77,123.26,0,Normal,0
320.81,414.95,427.37,157.0,7.0,237.5,132.57,1,Moderate_Stress,1
305.3,376.75,396.16,185.0,8.0,231.45,123.76,0,Normal,0
301.36,348.95,372.39,200.0,8.0,223.05,121.9,0,Normal,0
311.64,385.92,399.02,165.0,5.0,227.91,126.61,0,Normal,0
300.0,368.81,386.01,198.0,7.0,221.35,129.68,0,Normal,0
304.95,383.58,402.08,160.0,5.0,223.71,126.82,0,Normal,0
300.0,371.73,390.09,194.0,8.0,222.74,127.36,0,Normal,0
342.72,412.74,429.12,168.0,8.0,246.47,136.35,1,Moderate_Stress,1
313.78,368.6,388.32,200.0,8.0,228.72,124.93,0,Normal,0
302.75,366.08,384.49,200.0,8.0,227.78,126.33,0,Normal,0
316.46,375.42,385.24,200.0,8.0,224.6,131.62,0,Normal,0
311.57,372.49,392.84,200.0,7.0,216.5,125.17,0,Normal,0
309.94,382.31,402.75,153.0,5.0,229.34,131.96,0,Normal,0
322.46,407.53,419.71,158.0,7.0,242.25,131.39,0,Moderate_Stress,0
324.61,397.25,413.44,161.0,7.0,238.86,131.78,0,Normal,0
305.29,359.13,378.54,198.0,8.0,218.77,128.11,0,Normal,0
304.61,374.75,389.7,199.0,8.0,226.36,125.99,0,Normal,0
309.12,387.46,408.82,160.0,7.0,238.66,130.04,0,Normal,0
300.0,358.9,386.72,200.0,8.0,221.17,124.76,0,Normal,0
300.0,363.66,375.73,200.0,8.0,219.06,126.57,0,Normal,0
333.75,403.96,413.06,155.0,7.0,239.29,128.13,4,Moderate_Stress,1
337.92,400.76,418.28,156.0,7.0,240.65,130.09,1,Moderate_Stress,1
309.51,382.42,402.03,154.0,7.0,237.59,131.33,0,Normal,0
321.9,388.97,403.82,165.0,6.0,233.25,135.11,0,Normal,0
317.92,389.8,413.07,149.0,7.0,233.57,128.75,0,Normal,0
359.43,424.47,433.78,106.0,3.0,251.69,140.44,4,Severe_Crisis,1
330.04,395.18,414.64,167.0,7.0,243.47,134.72,0,Moderate_Stress,0
311.33,385.25,398.23,158.0,5.0,240.55,132.12,0,Normal,0
300.0,361.27,385.87,187.0,8.0,222.35,119.86,0,Normal,0
300.0,382.27,408.23,158.0,6.0,227.86,125.38,0,Normal,0
316.3,379.75,391.92,200.0,8.0,230.01,129.24,0,Normal,0
301.9,369.44,382.69,195.0,8.0,211.41,129.15,0,Normal,0
300.0,374.33,394.62,197.0,6.0,228.39,134.74,0,Normal,0
303.55,354.9,368.96,200.0,8.0,219.25,125.15,0,Normal,0
300.0,347.39,363.16,200.0,7.0,217.38,120.33,0,Normal,0
338.56,394.08,410.21,155.0,7.0,235.73,136.21,1,Moderate_Stress,1
326.47,408.07,414.47,152.0,6.0,239.85,138.55,3,Moderate_Stress,1
313.13,374.58,390.51,198.0,8.0,225.32,129.56,0,Normal,0
335.45,431.35,443.9,99.0,3.0,256.82,135.54,4,Severe_Crisis,1
314.41,375.93,389.46,200.0,7.0,226.21,132.44,0,Normal,0
300.33,367.23,390.44,197.0,8.0,232.66,128.58,0,Normal,0
336.1,421.93,431.65,103.0,5.0,250.7,134.34,2,Severe_Crisis,1
321.33,409.59,429.66,170.0,8.0,234.9,135.12,2,Moderate_Stress,1
300.0,385.62,400.22,164.0,6.0,227.97,131.37,0,Normal,0
310.39,389.04,403.64,160.0,7.0,228.63,133.82,0,Normal,0
300.12,375.37,395.33,199.0,6.0,214.08,127.17,0,Normal,0
300.0,370.93,388.63,198.0,7.0,231.47,125.83,0,Normal,0
327.14,404.0,422.85,166.0,5.0,243.99,137.97,4,Moderate_Stress,1
341.89,407.66,428.5,157.0,5.0,247.38,133.23,2,Moderate_Stress,1
300.0,356.82,371.16,200.0,6.0,219.36,126.81,0,Normal,0
321.69,389.91,402.85,160.0,7.0,227.55,127.95,0,Normal,0
303.49,367.31,377.89,197.0,8.0,220.49,130.26,0,Normal,0
305.94,367.3,379.18,193.0,8.0,227.6,126.66,0,Normal,0
304.36,376.98,407.73,200.0,8.0,221.21,131.97,0,Normal,0
300.29,374.89,397.11,200.0,8.0,212.26,128.82,0,Normal,0
313.98,381.96,391.2,163.0,7.0,229.0,126.44,0,Normal,0
300.79,380.68,390.07,157.0,6.0,226.34,132.27,0,Normal,0
317.31,373.49,391.9,200.0,7.0,228.51,134.41,0,Normal,0
312.5,377.43,396.17,196.0,8.0,231.89,132.08,0,Normal,0
309.67,368.95,387.69,200.0,7.0,227.9,125.87,0,Normal,0
300.0,346.33,361.06,191.0,7.0,216.16,123.53,0,Normal,0
304.6,369.46,384.83,200.0,8.0,229.86,127.88,0,Normal,0
324.58,392.05,409.69,162.0,5.0,228.19,130.59,0,Normal,0
320.76,404.01,420.44,156.0,6.0,241.73,138.41,0,Moderate_Stress,0
300.0,371.31,376.21,200.0,8.0,226.74,127.38,0,Normal,0
314.74,371.71,386.56,200.0,8.0,220.5,121.08,0,Normal,0
324.52,411.74,423.48,149.0,6.0,235.15,135.68,4,Moderate_Stress,1
300.0,377.21,394.09,200.0,8.0,221.94,126.49,0,Normal,0
321.4,395.43,426.36,148.0,7.0,233.02,132.34,0,Normal,0
303.31,366.54,384.38,195.0,8.0,226.37,125.86,0,Normal,0
321.81,380.49,394.92,168.0,8.0,228.11,133.55,0,Normal,0
301.8,363.35,383.96,197.0,8.0,216.9,129.78,0,Normal,0
300.0,375.89,394.3,194.0,8.0,222.15,128.25,0,Normal,0
300.0,383.85,401.95,159.0,5.0,233.59,127.18,0,Normal,0
313.97,396.5,415.53,170.0,7.0,235.28,131.43,0,Normal,0
317.15,379.83,406.11,191.0,8.0,229.12,130.43,0,Normal,0
300.0,353.8,364.15,195.0,7.0,216.93,122.79,0,Normal,0
322.83,392.66,411.03,167.0,7.0,242.11,134.24,0,Normal,0
300.0,347.32,358.68,200.0,8.0,211.46,125.92,0,Normal,0
312.26,382.33,401.11,159.0,7.0,236.49,134.51,0,Normal,0
300.0,363.52,374.93,194.0,7.0,221.94,129.93,0,Normal,0
303.47,364.33,378.25,200.0,8.0,221.06,124.71,0,Normal,0
313.96,365.11,379.63,200.0,7.0,236.73,130.88,0,Normal,0
300.34,370.53,391.41,200.0,8.0,218.13,124.06,0,Normal,0
307.48,368.28,388.87,196.0,8.0,222.27,129.85,0,Normal,0
328.34,385.9,395.67,160.0,6.0,228.22,131.1,0,Normal,0
304.6,341.56,357.84,199.0,8.0,218.88,121.59,0,Normal,0
325.79,394.38,406.83,162.0,5.0,245.29,133.96,0,Normal,0
300.0,382.72,392.43,167.0,8.0,235.95,120.06,0,Normal,0
321.2,405.99,420.9,164.0,5.0,246.11,128.34,0,Moderate_Stress,0
334.87,400.53,414.99,155.0,6.0,239.82,134.56,2,Moderate_Stress,1
300.0,358.98,387.11,200.0,8.0,217.47,125.96,0,Normal,0
301.3,371.18,389.34,200.0,8.0,215.47,126.02,0,Normal,0
321.91,380.21,389.32,163.0,6.0,241.28,126.38,0,Normal,0
310.2,379.75,392.93,200.0,8.0,230.95,126.86,0,Normal,0
318.82,394.3,415.41,154.0,7.0,232.96,133.24,0,Normal,0
304.19,382.09,408.53,160.0,6.0,234.86,130.4,0,Normal,0
314.55,380.73,388.8,157.0,8.0,224.95,130.02,0,Normal,0
310.91,375.52,382.12,192.0,8.0,229.3,132.47,0,Normal,0
330.77,391.6,416.96,162.0,7.0,236.0,134.78,0,Moderate_Stress,0
317.07,376.36,394.31,200.0,7.0,231.98,127.77,0,Normal,0
318.31,383.8,395.45,151.0,6.0,231.32,130.1,0,Normal,0
307.07,376.81,395.48,200.0,8.0,219.69,124.35,0,Normal,0
305.94,380.96,383.78,163.0,5.0,228.55,128.47,0,Normal,0
306.76,364.74,380.76,200.0,8.0,227.91,130.64,0,Normal,0
319.17,401.97,419.61,159.0,6.0,238.03,134.94,0,Moderate_Stress,0
306.94,370.26,390.89,194.0,8.0,228.51,132.09,0,Normal,0
317.6,385.02,395.95,161.0,5.0,226.7,130.05,0,Normal,0
344.38,408.57,424.99,156.0,8.0,245.39,141.36,4,Moderate_Stress,1
326.32,371.02,382.39,189.0,7.0,225.65,130.28,0,Normal,0
308.36,383.45,400.73,166.0,7.0,233.27,133.83,0,Normal,0
331.27,408.33,419.85,165.0,7.0,242.98,135.27,2,Moderate_Stress,1
307.13,370.38,384.34,200.0,7.0,228.16,130.04,0,Normal,0
300.0,365.67,376.69,200.0,8.0,227.07,130.8,0,Normal,0
300.0,370.16,389.42,200.0,7.0,226.66,126.25,0,Normal,0
300.0,349.37,369.67,200.0,8.0,217.3,125.41,0,Normal,0
307.98,368.88,383.71,200.0,8.0,219.36,131.76,0,Normal,0
313.53,388.5,404.69,159.0,6.0,232.32,130.29,0,Normal,0
338.4,396.61,405.37,167.0,6.0,237.48,131.27,3,Moderate_Stress,1
318.15,388.81,403.31,162.0,7.0,231.64,137.85,0,Normal,0
309.96,362.89,378.64,200.0,7.0,220.78,126.19,0,Normal,0
325.69,399.21,428.31,154.0,6.0,233.61,134.06,0,Normal,0
300.0,364.64,375.08,200.0,8.0,211.49,129.74,0,Normal,0
316.78,368.15,391.47,196.0,7.0,222.52,127.32,0,Normal,0
324.81,405.18,426.17,157.0,8.0,241.39,131.03,0,Moderate_Stress,0
300.0,357.65,375.06,196.0,7.0,212.09,126.34,0,Normal,0
330.41,391.86,416.66,155.0,7.0,236.96,128.18,0,Moderate_Stress,0
318.33,388.08,405.94,171.0,7.0,242.65,130.51,0,Normal,0
307.02,384.56,402.51,167.0,5.0,234.77,130.06,0,Normal,0
322.74,380.99,396.73,170.0,6.0,239.76,130.51,0,Normal,0
347.31,420.02,442.14,94.0,5.0,252.08,134.28,4,Severe_Crisis,1
315.98,387.66,409.15,160.0,6.0,238.37,135.76,0,Normal,0
316.97,391.45,404.32,154.0,8.0,230.43,131.81,0,Normal,0
306.36,374.08,383.48,197.0,8.0,222.63,132.47,0,Normal,0
300.5,361.91,376.89,195.0,8.0,206.72,125.3,0,Normal,0
325.71,386.28,398.28,166.0,6.0,239.92,129.66,0,Normal,0
300.41,366.33,382.01,198.0,7.0,229.65,127.31,0,Normal,0
314.32,370.75,392.94,200.0,7.0,223.51,128.39,0,Normal,0
306.09,342.78,356.5,200.0,8.0,213.57,121.47,0,Normal,0
320.43,392.87,408.65,172.0,7.0,231.47,136.57,0,Normal,0
318.25,395.03,411.32,153.0,4.0,237.48,130.19,0,Normal,0
328.81,374.51,394.75,200.0,8.0,236.11,126.06,0,Normal,0
305.6,361.34,366.11,200.0,8.0,212.53,130.77,0,Normal,0
309.2,381.77,394.74,155.0,6.0,231.16,127.86,0,Normal,0
300.0,385.57,402.63,165.0,8.0,227.22,126.55,0,Normal,0
306.59,372.78,394.78,200.0,8.0,226.01,122.78,0,Normal,0
318.91,379.47,393.01,199.0,8.0,232.54,135.82,0,Normal,0
324.6,391.47,398.08,156.0,6.0,234.64,128.78,0,Normal,0
300.0,378.75,397.85,196.0,8.0,225.69,127.86,0,Normal,0
326.29,388.78,401.6,170.0,8.0,233.91,135.37,0,Normal,0
333.58,395.63,405.68,160.0,8.0,243.69,135.68,0,Moderate_Stress,0
319.45,382.54,395.42,164.0,5.0,233.52,130.81,0,Normal,0
341.4,403.08,418.16,156.0,6.0,244.11,131.23,2,Moderate_Stress,1
301.64,368.12,381.09,196.0,8.0,216.46,124.44,0,Normal,0
300.0,381.25,386.22,165.0,7.0,225.19,128.5,0,Normal,0
300.0,368.23,388.72,193.0,8.0,227.02,124.27,0,Normal,0
335.69,403.52,425.9,158.0,6.0,242.21,136.13,2,Moderate_Stress,1
323.07,388.61,407.86,160.0,6.0,237.57,134.18,0,Normal,0
312.42,363.65,373.96,200.0,6.0,232.24,130.93,0,Normal,0
317.45,393.9,408.89,159.0,8.0,240.2,128.14,0,Normal,0
300.0,364.22,380.19,200.0,7.0,221.59,132.82,0,Normal,0
349.94,420.62,439.62,103.0,4.0,248.3,141.67,3,Moderate_Stress,1
315.19,414.4,433.74,164.0,6.0,228.96,133.53,0,Moderate_Stress,0
314.89,385.11,397.44,155.0,8.0,230.58,133.83,0,Normal,0
324.14,385.24,401.65,159.0,4.0,231.68,139.05,0,Normal,0
320.47,384.27,402.56,166.0,6.0,234.19,126.99,0,Normal,0
316.61,395.58,418.86,164.0,6.0,234.66,131.19,0,Normal,0
301.39,367.73,387.26,193.0,8.0,221.03,119.66,0,Normal,0
320.32,373.99,393.93,200.0,8.0,219.71,130.84,0,Normal,0
341.48,421.89,438.31,90.0,3.0,244.91,139.32,1,Moderate_Stress,1
333.43,396.76,419.82,160.0,7.0,241.59,134.39,2,Moderate_Stress,1
337.15,426.45,444.5,109.0,4.0,258.92,136.07,2,Severe_Crisis,1
305.58,382.22,393.91,155.0,8.0,228.06,122.72,0,Normal,0
300.0,360.53,383.54,196.0,7.0,221.47,126.99,0,Normal,0
311.36,390.88,410.37,164.0,6.0,237.49,134.97,0,Normal,0
314.09,381.88,395.66,152.0,7.0,226.07,128.34,0,Normal,0
329.66,407.64,421.24,157.0,7.0,244.09,136.35,3,Moderate_Stress,1
300.0,369.85,387.33,200.0,6.0,219.39,122.09,0,Normal,0
336.19,398.16,416.47,157.0,6.0,244.57,136.43,2,Moderate_Stress,1
310.88,371.08,388.06,199.0,8.0,226.46,127.37,0,Normal,0
306.85,383.17,400.73,164.0,7.0,230.62,126.87,0,Normal,0
300.0,361.65,386.15,200.0,7.0,216.32,123.7,0,Normal,0
300.0,360.96,382.32,200.0,5.0,223.52,124.73,0,Normal,0
325.6,384.89,401.84,158.0,7.0,243.9,133.29,0,Normal,0
314.35,385.74,406.44,162.0,5.0,226.49,126.6,0,Normal,0
300.0,385.63,396.46,159.0,4.0,226.92,127.18,0,Normal,0
300.0,354.32,372.31,200.0,5.0,218.82,125.12,0,Normal,0
308.21,374.69,399.73,198.0,8.0,230.37,125.22,0,Normal,0
338.29,423.15,438.06,99.0,4.0,246.61,143.26,3,Moderate_Stress,1
309.36,374.96,386.72,195.0,8.0,212.59,126.15,0,Normal,0
300.0,369.52,382.26,200.0,8.0,229.78,124.76,0,Normal,0
309.56,365.37,375.93,196.0,8.0,227.25,124.85,0,Normal,0
309.16,379.82,391.89,194.0,8.0,219.7,134.56,0,Normal,0
300.0,363.13,377.28,200.0,7.0,217.71,127.78,0,Normal,0
312.44,389.16,398.13,161.0,6.0,240.18,127.78,0,Normal,0
309.79,388.13,404.21,164.0,5.0,238.69,133.41,0,Normal,0
323.69,418.14,438.65,158.0,6.0,249.43,135.78,2,Moderate_Stress,1
340.98,417.93,429.39,162.0,6.0,247.24,138.52,1,Moderate_Stress,1
330.15,402.93,426.53,163.0,7.0,241.12,133.59,4,Moderate_Stress,1
309.22,377.54,396.1,200.0,8.0,226.98,126.7,0,Normal,0
300.0,361.47,382.62,196.0,8.0,225.81,126.97,0,Normal,0
351.85,428.01,440.72,101.0,5.0,249.45,138.76,3,Moderate_Stress,1
314.14,378.31,398.58,200.0,8.0,224.86,135.21,0,Normal,0
313.46,382.16,392.7,160.0,6.0,235.15,126.24,0,Normal,0
312.89,393.0,413.45,150.0,5.0,233.55,135.65,0,Normal,0
316.22,373.59,390.45,200.0,8.0,234.54,129.27,0,Normal,0
311.08,389.15,407.91,171.0,6.0,228.71,131.29,0,Normal,0
304.65,383.51,393.64,158.0,8.0,228.53,131.36,0,Normal,0
305.05,369.62,381.15,196.0,8.0,219.42,125.64,0,Normal,0
312.76,358.45,377.44,200.0,7.0,221.7,130.16,0,Normal,0
305.1,364.79,376.04,200.0,8.0,214.95,118.93,0,Normal,0
302.56,380.91,399.23,166.0,7.0,225.04,126.13,0,Normal,0
314.85,381.84,391.01,154.0,6.0,223.08,127.45,0,Normal,0
309.43,365.85,386.09,200.0,7.0,227.05,124.05,0,Normal,0
335.81,401.13,410.97,163.0,8.0,244.79,134.65,4,Moderate_Stress,1
300.0,373.41,392.17,199.0,7.0,215.69,128.31,0,Normal,0
329.62,404.53,423.66,162.0,6.0,247.83,136.82,3,Moderate_Stress,1
331.94,399.34,411.86,165.0,7.0,252.3,135.26,1,Severe_Crisis,1
300.0,361.33,380.24,200.0,6.0,220.35,123.95,0,Normal,0
308.11,370.41,387.71,194.0,8.0,221.71,129.18,0,Normal,0
307.68,364.61,377.91,200.0,7.0,236.92,127.8,0,Normal,0
300.0,381.15,392.11,160.0,7.0,220.46,130.74,0,Normal,0
301.58,363.6,369.78,200.0,7.0,221.33,128.74,0,Normal,0
300.0,377.17,394.92,200.0,8.0,226.56,127.62,0,Normal,0
339.53,425.68,433.85,99.0,5.0,257.27,135.62,3,Severe_Crisis,1
327.29,406.36,422.84,166.0,7.0,243.13,132.58,4,Moderate_Stress,1
332.32,397.86,412.54,160.0,7.0,236.87,132.8,3,Moderate_Stress,1
324.08,396.72,416.12,154.0,6.0,232.56,132.15,0,Normal,0
300.0,364.76,379.25,198.0,7.0,219.61,127.09,0,Normal,0
305.38,362.15,376.51,200.0,8.0,216.45,128.98,0,Normal,0
320.59,391.92,411.58,166.0,6.0,235.18,131.94,0,Normal,0
300.0,353.21,370.88,200.0,7.0,214.45,125.18,0,Normal,0
323.94,404.41,421.99,156.0,7.0,232.51,134.28,0,Moderate_Stress,0
309.65,371.45,389.79,200.0,7.0,231.86,126.86,0,Normal,0
307.63,375.78,384.11,200.0,7.0,224.21,125.76,0,Normal,0
323.91,395.33,415.12,166.0,5.0,230.46,127.67,0,Normal,0
319.91,385.31,404.37,159.0,6.0,231.65,129.25,0,Normal,0
307.84,379.88,390.79,200.0,8.0,228.52,130.4,0,Normal,0
330.64,395.49,410.27,164.0,7.0,229.47,131.85,0,Moderate_Stress,0
300.0,373.71,389.52,200.0,8.0,226.11,126.47,0,Normal,0
322.49,377.4,392.73,200.0,8.0,225.0,132.33,0,Normal,0
322.15,391.73,409.4,164.0,6.0,243.74,133.87,0,Normal,0
308.61,394.29,417.44,158.0,6.0,235.99,127.29,0,Normal,0
318.14,375.86,397.27,197.0,8.0,226.83,133.11,0,Normal,0
300.0,358.22,367.66,200.0,8.0,215.3,129.02,0,Normal,0
327.11,401.32,420.43,165.0,7.0,239.01,130.62,0,Moderate_Stress,0
310.48,378.84,401.49,199.0,8.0,231.4,126.8,0,Normal,0
305.41,374.73,392.66,200.0,7.0,225.76,131.67,0,Normal,0
328.99,403.22,424.68,167.0,5.0,239.49,134.04,2,Moderate_Stress,1
302.68,374.43,400.5,195.0,8.0,225.53,121.0,0,Normal,0
300.0,376.1,397.22,196.0,8.0,222.26,123.22,0,Normal,0
300.0,369.1,386.34,199.0,8.0,221.12,125.97,0,Normal,0
322.34,388.28,409.5,162.0,6.0,223.59,128.5,0,Normal,0
300.0,371.73,388.45,197.0,8.0,228.62,125.74,0,Normal,0
339.57,429.51,445.63,107.0,4.0,253.39,138.8,1,Severe_Crisis,1
300.0,363.67,377.92,200.0,8.0,217.07,130.57,0,Normal,0
338.7,399.76,423.57,160.0,6.0,250.8,134.72,2,Severe_Crisis,1
316.42,394.95,406.86,153.0,6.0,235.6,134.99,0,Normal,0
311.8,377.37,401.03,193.0,8.0,222.91,133.61,0,Normal,0
305.08,349.11,367.61,200.0,8.0,221.14,129.79,0,Normal,0
319.24,395.6,404.6,149.0,7.0,237.95,133.11,0,Normal,0
312.69,374.24,392.07,200.0,8.0,229.14,123.25,0,Normal,0
329.8,398.36,403.86,159.0,6.0,236.91,135.5,0,Normal,0
314.96,385.53,404.66,176.0,8.0,233.83,133.75,0,Normal,0
315.5,384.74,405.16,172.0,8.0,230.1,130.37,0,Normal,0
307.8,381.06,394.1,159.0,7.0,231.36,134.32,0,Normal,0
312.4,374.9,391.52,199.0,8.0,217.82,131.74,0,Normal,0
317.87,390.68,416.45,165.0,7.0,231.79,133.27,0,Normal,0
300.0,362.4,375.88,200.0,8.0,229.1,129.31,0,Normal,0
300.0,372.39,383.09,192.0,8.0,220.15,128.05,0,Normal,0
324.4,399.21,422.62,151.0,6.0,235.23,125.92,0,Normal,0
315.81,373.83,399.64,197.0,8.0,225.41,128.07,0,Normal,0
310.49,387.92,403.94,163.0,3.0,225.45,133.77,0,Normal,0
313.53,375.2,396.25,200.0,8.0,216.63,126.94,0,Normal,0
318.46,394.31,417.02,165.0,6.0,234.2,131.34,0,Normal,0
305.15,374.6,386.89,194.0,8.0,226.47,124.91,0,Normal,0
301.58,385.19,398.77,148.0,6.0,228.52,133.92,0,Normal,0
316.19,381.38,403.54,164.0,5.0,229.65,135.42,0,Normal,0
300.0,361.51,385.93,196.0,8.0,220.39,123.31,0,Normal,0
319.37,387.09,405.9,150.0,5.0,238.12,131.87,0,Normal,0
300.0,361.97,373.57,200.0,8.0,219.39,123.97,0,Normal,0
328.69,405.99,431.93,164.0,7.0,238.61,136.56,3,Moderate_Stress,1
320.34,372.23,385.57,199.0,8.0,226.59,131.62,0,Normal,0
317.09,374.12,388.44,198.0,7.0,230.91,132.22,0,Normal,0
327.99,386.51,404.22,159.0,6.0,241.59,133.66,0,Normal,0
338.23,418.47,442.24,158.0,5.0,244.62,146.2,3,Moderate_Stress,1
328.47,414.84,435.11,153.0,7.0,245.03,132.48,4,Moderate_Stress,1
300.0,363.96,382.03,196.0,8.0,222.73,121.08,0,Normal,0
300.0,363.31,381.63,200.0,8.0,215.85,124.96,0,Normal,0
303.88,370.16,386.38,200.0,8.0,224.08,122.71,0,Normal,0
313.64,392.31,411.1,161.0,7.0,226.36,126.61,0,Normal,0
321.01,379.89,383.25,195.0,8.0,221.97,127.95,0,Normal,0
302.36,370.1,384.62,199.0,8.0,225.49,124.41,0,Normal,0
316.05,393.21,410.42,149.0,7.0,232.56,128.68,0,Normal,0
301.92,372.22,382.46,200.0,7.0,225.32,128.88,0,Normal,0
304.08,371.58,389.52,200.0,7.0,224.43,126.06,0,Normal,0
300.0,375.01,389.99,193.0,8.0,220.02,126.78,0,Normal,0
300.0,337.97,362.75,197.0,8.0,211.71,126.29,0,Normal,0
300.0,371.78,395.64,200.0,8.0,217.61,124.69,0,Normal,0
300.0,358.46,372.13,200.0,8.0,226.07,124.86,0,Normal,0
329.05,380.11,395.35,158.0,6.0,225.72,133.28,0,Normal,0
300.0,370.11,385.74,197.0,7.0,222.21,121.0,0,Normal,0
352.74,439.38,453.12,90.0,4.0,252.77,134.51,3,Severe_Crisis,1
320.65,387.37,404.35,161.0,5.0,236.21,132.69,0,Normal,0
316.02,392.95,405.16,170.0,8.0,232.73,132.99,0,Normal,0
300.37,381.55,391.9,161.0,6.0,224.68,134.22,0,Normal,0
323.75,405.47,424.58,160.0,7.0,244.58,134.4,0,Moderate_Stress,0
304.62,386.71,405.86,162.0,5.0,230.07,131.63,0,Normal,0
315.08,389.76,401.74,160.0,7.0,235.67,130.46,0,Normal,0
351.65,425.15,445.63,96.0,5.0,247.88,140.97,1,Moderate_Stress,1
311.81,362.56,375.4,200.0,8.0,215.88,132.84,0,Normal,0
330.49,397.6,414.87,161.0,5.0,239.44,127.77,0,Moderate_Stress,0
302.7,359.68,379.78,200.0,8.0,218.48,127.43,0,Normal,0
312.73,401.34,417.18,155.0,5.0,239.8,138.26,0,Moderate_Stress,0
339.81,409.02,427.3,167.0,6.0,244.37,137.53,1,Moderate_Stress,1
303.85,370.65,384.07,200.0,8.0,225.17,132.41,0,Normal,0
340.44,417.02,432.03,157.0,7.0,239.58,135.69,4,Moderate_Stress,1
323.87,392.88,407.85,165.0,6.0,245.37,132.58,0,Normal,0
304.81,387.49,399.75,158.0,5.0,229.41,129.38,0,Normal,0
322.74,384.92,400.04,156.0,7.0,236.41,125.06,0,Normal,0
327.84,398.96,407.22,156.0,6.0,234.67,130.38,0,Normal,0
322.58,383.54,397.08,151.0,4.0,233.94,128.26,0,Normal,0
300.0,351.8,366.38,200.0,8.0,210.27,127.46,0,Normal,0
302.34,361.58,376.3,191.0,8.0,222.93,128.94,0,Normal,0
309.54,375.6,390.39,194.0,8.0,225.24,129.77,0,Normal,0
312.13,374.66,390.35,190.0,7.0,227.35,131.57,0,Normal,0
322.56,384.02,402.42,160.0,3.0,236.06,131.11,0,Normal,0
315.92,369.24,389.61,199.0,8.0,219.9,132.73,0,Normal,0
300.0,364.17,376.92,198.0,8.0,217.69,126.26,0,Normal,0
318.95,371.75,381.73,195.0,6.0,229.84,130.0,0,Normal,0
322.41,398.37,409.16,154.0,5.0,248.05,132.21,0,Normal,0
321.65,390.72,404.28,162.0,8.0,234.04,134.18,0,Normal,0
329.46,384.31,398.55,157.0,6.0,237.0,131.4,0,Normal,0
325.76,391.53,403.68,162.0,7.0,235.3,135.76,0,Normal,0
320.14,380.64,390.16,156.0,6.0,240.61,127.5,0,Normal,0
312.2,382.22,395.94,161.0,4.0,221.13,126.57,0,Normal,0
300.0,378.4,395.31,200.0,8.0,226.56,129.72,0,Normal,0
319.69,368.9,387.87,200.0,8.0,218.57,129.39,0,Normal,0
316.37,384.97,398.18,158.0,6.0,219.13,129.4,0,Normal,0
317.32,383.32,397.26,161.0,6.0,232.76,133.41,0,Normal,0
300.0,371.71,383.08,199.0,8.0,224.45,125.16,0,Normal,0
300.0,367.13,382.97,200.0,8.0,220.72,125.93,0,Normal,0
329.05,390.88,402.64,158.0,5.0,235.74,137.46,0,Normal,0
312.66,376.36,395.23,199.0,8.0,243.4,133.96,0,Normal,0
323.47,384.03,391.1,161.0,4.0,231.47,136.45,0,Normal,0
313.67,391.49,405.69,155.0,4.0,235.96,130.17,0,Normal,0
313.7,380.96,398.47,155.0,7.0,226.48,133.66,0,Normal,0
327.32,415.43,432.35,153.0,7.0,245.99,132.61,3,Moderate_Stress,1
305.51,370.73,400.19,192.0,8.0,223.32,124.99,0,Normal,0
314.69,374.81,392.56,194.0,7.0,225.72,122.45,0,Normal,0
306.32,357.13,368.11,200.0,7.0,229.0,131.49,0,Normal,0
306.73,354.71,370.23,196.0,8.0,225.03,123.7,0,Normal,0
308.61,359.06,366.18,200.0,6.0,221.73,126.63,0,Normal,0
316.58,386.74,402.34,160.0,6.0,220.8,128.24,0,Normal,0
306.07,377.07,388.9,190.0,8.0,225.03,130.51,0,Normal,0
332.09,386.09,406.66,163.0,8.0,248.71,132.11,0,Moderate_Stress,0
300.0,373.95,387.2,200.0,8.0,223.38,123.29,0,Normal,0
310.45,372.18,387.6,195.0,8.0,231.52,129.92,0,Normal,0
306.65,374.12,386.94,200.0,6.0,233.13,123.92,0,Normal,0
334.95,421.32,446.01,96.0,5.0,249.2,134.68,4,Moderate_Stress,1
316.2,392.6,406.99,160.0,6.0,230.09,125.18,0,Normal,0
328.73,395.35,420.51,154.0,7.0,225.59,129.38,0,Normal,0
300.0,356.09,376.16,191.0,8.0,221.7,125.96,0,Normal,0
317.26,363.33,381.74,198.0,8.0,220.19,122.84,0,Normal,0
326.59,388.39,406.24,159.0,6.0,235.79,128.2,0,Normal,0
314.48,379.55,397.51,198.0,8.0,223.14,129.93,0,Normal,0
329.23,388.75,395.11,154.0,6.0,234.23,131.44,0,Normal,0
305.49,370.0,384.61,198.0,8.0,224.42,133.61,0,Normal,0
334.39,405.32,425.54,161.0,6.0,243.73,141.0,2,Moderate_Stress,1
347.73,417.64,433.4,160.0,6.0,243.8,136.13,4,Moderate_Stress,1
307.81,367.48,376.45,200.0,8.0,229.81,129.4,0,Normal,0
306.57,374.24,389.98,197.0,8.0,222.96,130.47,0,Normal,0
335.05,409.73,434.25,166.0,7.0,235.69,134.25,2,Moderate_Stress,1
336.94,396.58,418.82,154.0,6.0,239.3,130.53,4,Moderate_Stress,1
305.41,385.33,401.02,162.0,7.0,229.77,129.12,0,Normal,0
306.95,372.0,392.76,200.0,8.0,226.04,127.54,0,Normal,0
309.02,375.57,389.73,200.0,7.0,233.71,127.42,0,Normal,0
300.0,372.08,379.56,199.0,8.0,222.7,128.35,0,Normal,0
300.0,367.33,378.71,197.0,7.0,221.62,124.29,0,Normal,0
300.0,374.53,398.35,200.0,8.0,219.22,123.81,0,Normal,0
301.73,369.86,384.49,193.0,8.0,227.55,127.39,0,Normal,0
312.73,373.51,388.3,195.0,6.0,227.85,130.23,0,Normal,0
316.76,387.89,402.39,158.0,6.0,230.66,127.59,0,Normal,0
336.51,395.55,421.07,166.0,6.0,229.87,137.63,3,Moderate_Stress,1
300.0,366.09,390.22,200.0,7.0,229.0,121.11,0,Normal,0
328.01,396.88,423.98,155.0,8.0,232.02,131.97,0,Normal,0
310.04,374.47,389.67,198.0,7.0,223.76,127.99,0,Normal,0
312.51,378.1,395.58,197.0,7.0,230.28,127.59,0,Normal,0
323.37,373.06,381.48,196.0,8.0,222.91,128.93,0,Normal,0
300.0,359.51,382.9,200.0,8.0,212.01,131.38,0,Normal,0
318.99,387.76,397.92,153.0,6.0,222.54,128.88,0,Normal,0
315.75,384.71,401.79,168.0,8.0,235.05,137.97,0,Normal,0
320.64,378.46,388.97,200.0,8.0,227.51,132.06,0,Normal,0
317.59,397.88,410.94,165.0,4.0,251.06,132.52,0,Normal,0
350.08,413.93,425.74,158.0,6.0,243.57,140.15,4,Moderate_Stress,1
303.68,378.93,391.89,199.0,7.0,222.41,135.85,0,Normal,0
305.29,375.35,388.65,193.0,8.0,223.25,125.16,0,Normal,0
303.9,363.03,376.28,197.0,5.0,222.71,123.34,0,Normal,0
304.92,388.41,408.58,162.0,8.0,228.23,127.13,0,Normal,0
303.69,357.31,367.78,200.0,8.0,222.51,126.19,0,Normal,0
331.09,409.94,427.04,154.0,7.0,238.45,130.29,3,Moderate_Stress,1
334.56,414.75,436.84,158.0,8.0,238.82,136.54,2,Moderate_Stress,1
304.69,363.69,377.12,199.0,8.0,212.89,131.97,0,Normal,0
300.76,379.8,392.21,193.0,8.0,215.62,128.36,0,Normal,0
320.32,385.87,400.72,163.0,7.0,230.18,130.57,0,Normal,0
304.97,373.6,395.5,196.0,8.0,223.9,126.06,0,Normal,0
322.74,393.76,410.73,159.0,6.0,232.86,135.3,0,Normal,0
316.29,382.39,395.74,158.0,6.0,236.96,128.02,0,Normal,0
300.0,373.11,391.53,196.0,7.0,230.38,132.66,0,Normal,0
336.46,414.87,425.36,160.0,6.0,244.47,142.57,1,Moderate_Stress,1
340.19,393.73,413.14,159.0,5.0,230.52,135.98,4,Moderate_Stress,1
304.06,382.71,400.75,158.0,6.0,225.58,128.66,0,Normal,0
307.43,356.92,371.39,196.0,6.0,217.06,129.71,0,Normal,0
317.54,395.49,407.3,162.0,7.0,232.29,135.28,0,Normal,0
318.27,397.27,408.84,168.0,6.0,232.86,129.86,0,Normal,0
323.13,380.69,399.36,161.0,7.0,228.25,129.77,0,Normal,0
343.4,410.81,432.95,165.0,6.0,244.18,133.44,2,Moderate_Stress,1
310.6,366.13,378.94,193.0,8.0,220.74,129.24,0,Normal,0
301.28,364.32,382.61,200.0,8.0,222.46,128.44,0,Normal,0
300.0,361.92,367.48,195.0,7.0,222.12,121.95,0,Normal,0
302.29,375.43,388.5,193.0,8.0,220.95,126.33,0,Normal,0
312.75,392.77,408.61,156.0,6.0,240.03,126.96,0,Normal,0
340.17,425.15,436.6,106.0,3.0,245.59,135.66,1,Moderate_Stress,1
305.49,365.69,377.0,200.0,7.0,214.65,128.86,0,Normal,0
316.61,382.01,394.67,161.0,7.0,232.58,128.3,0,Normal,0
313.0,363.12,380.58,192.0,7.0,219.26,127.17,0,Normal,0
331.08,392.68,407.74,159.0,7.0,238.91,128.86,0,Moderate_Stress,0
351.15,433.48,438.28,102.0,5.0,243.58,141.39,1,Moderate_Stress,1
305.29,387.24,392.63,161.0,8.0,237.2,129.2,0,Normal,0
305.91,359.45,372.42,191.0,7.0,224.0,124.46,0,Normal,0
328.91,392.32,410.61,156.0,7.0,229.24,132.81,0,Normal,0
323.48,391.74,394.0,160.0,7.0,228.06,133.05,0,Normal,0
340.95,414.89,428.4,163.0,6.0,255.41,135.0,4,Severe_Crisis,1
322.01,382.21,395.58,149.0,6.0,228.14,126.91,0,Normal,0
307.86,378.28,401.22,199.0,8.0,223.45,134.24,0,Normal,0
322.11,385.69,399.76,161.0,7.0,221.73,129.8,0,Normal,0
329.88,399.22,417.13,164.0,7.0,237.6,133.93,0,Normal,0
325.56,399.85,416.56,163.0,6.0,237.57,136.66,0,Normal,0
320.86,389.05,394.4,163.0,5.0,237.57,142.43,0,Normal,0
329.25,394.27,414.11,156.0,6.0,230.5,129.89,0,Normal,0
330.79,399.31,416.39,150.0,6.0,231.97,135.71,4,Moderate_Stress,1
333.98,403.2,421.74,158.0,5.0,243.82,133.11,1,Moderate_Stress,1
322.98,387.73,423.36,165.0,6.0,238.98,130.42,0,Normal,0
310.74,374.77,380.35,200.0,6.0,219.11,126.74,0,Normal,0
315.45,398.75,423.38,164.0,5.0,241.71,128.63,0,Normal,0
331.35,406.66,421.22,162.0,7.0,242.44,135.06,4,Moderate_Stress,1
301.0,363.19,380.63,200.0,8.0,226.42,121.86,0,Normal,0
318.78,393.57,409.34,157.0,6.0,234.8,134.83,0,Normal,0
307.35,370.11,383.99,199.0,7.0,212.05,128.09,0,Normal,0
313.68,392.46,405.62,168.0,5.0,232.99,132.38,0,Normal,0
332.43,405.99,423.63,155.0,6.0,247.53,133.88,3,Moderate_Stress,1
316.12,382.46,390.88,168.0,7.0,226.27,129.37,0,Normal,0
313.95,385.52,405.27,158.0,7.0,229.43,131.32,0,Normal,0
300.0,349.29,363.21,200.0,8.0,215.02,121.25,0,Normal,0
324.44,381.84,392.19,153.0,5.0,217.69,130.59,0,Normal,0
322.93,379.43,393.18,200.0,8.0,239.39,128.62,0,Normal,0
345.7,418.98,441.27,156.0,6.0,244.93,135.89,2,Moderate_Stress,1
308.63,392.25,405.58,153.0,6.0,235.19,124.0,0,Normal,0
316.54,406.33,424.12,161.0,8.0,238.74,136.94,0,Moderate_Stress,0
316.99,390.92,403.27,165.0,7.0,240.16,129.39,0,Normal,0
336.91,412.46,432.25,156.0,7.0,247.42,140.09,3,Moderate_Stress,1
311.82,360.58,380.01,193.0,7.0,221.04,130.85,0,Normal,0
317.44,379.62,404.87,200.0,8.0,225.54,126.53,0,Normal,0
322.37,382.85,397.97,160.0,7.0,236.11,128.19,0,Normal,0
316.05,377.25,396.59,200.0,8.0,219.53,137.63,0,Normal,0
306.55,370.86,387.35,200.0,8.0,227.99,133.13,0,Normal,0
316.16,378.86,401.34,200.0,8.0,223.99,130.03,0,Normal,0
329.35,378.96,391.37,200.0,8.0,238.42,132.88,0,Normal,0
300.0,372.48,392.2,200.0,8.0,224.82,125.17,0,Normal,0
315.24,371.8,386.83,198.0,8.0,230.05,130.58,0,Normal,0
302.75,370.55,386.23,192.0,8.0,224.3,125.13,0,Normal,0
331.18,421.59,438.05,99.0,4.0,238.68,130.55,4,Moderate_Stress,1
300.0,355.81,373.07,198.0,7.0,213.88,121.43,0,Normal,0
304.87,345.29,360.71,200.0,8.0,218.84,125.14,0,Normal,0
318.91,383.88,400.96,162.0,7.0,232.62,127.64,0,Normal,0
336.73,418.25,442.14,154.0,5.0,253.29,136.95,4,Severe_Crisis,1
312.26,398.69,419.61,161.0,6.0,237.66,128.3,0,Normal,0
304.92,358.36,378.71,200.0,8.0,215.23,124.04,0,Normal,0
341.47,417.65,431.38,168.0,4.0,244.14,140.36,2,Moderate_Stress,1
300.0,360.35,371.9,200.0,8.0,220.29,126.59,0,Normal,0
300.0,363.94,384.72,200.0,8.0,209.46,126.18,0,Normal,0
319.85,414.27,434.65,160.0,6.0,250.98,136.85,3,Severe_Crisis,1
305.72,356.55,379.91,200.0,8.0,221.79,127.77,0,Normal,0
300.0,367.54,380.52,200.0,8.0,228.42,130.91,0,Normal,0
323.88,397.13,411.99,153.0,8.0,229.52,131.73,0,Normal,0
316.91,395.3,403.1,158.0,7.0,241.61,130.59,0,Normal,0
304.79,371.49,385.52,196.0,7.0,235.79,123.78,0,Normal,0
300.0,368.08,389.06,200.0,8.0,215.87,125.33,0,Normal,0
326.34,391.37,405.04,166.0,6.0,239.75,135.79,0,Normal,0
323.0,394.14,413.35,157.0,6.0,236.21,136.58,0,Normal,0
311.76,375.09,390.14,188.0,7.0,219.56,131.97,0,Normal,0
340.95,418.31,435.93,158.0,8.0,250.71,132.4,3,Severe_Crisis,1
300.0,361.3,371.57,200.0,8.0,224.27,129.19,0,Normal,0
300.0,368.77,385.2,200.0,7.0,219.71,121.17,0,Normal,0
302.87,368.01,369.05,200.0,7.0,228.86,129.74,0,Normal,0
312.57,390.71,405.78,159.0,6.0,224.58,129.67,0,Normal,0
316.9,383.92,391.77,154.0,7.0,223.93,132.85,0,Normal,0
309.63,358.35,380.38,200.0,8.0,221.68,123.09,0,Normal,0
318.53,398.93,418.82,156.0,8.0,237.11,136.0,0,Normal,0
300.0,355.94,374.28,200.0,8.0,214.65,121.01,0,Normal,0
334.91,398.6,422.21,163.0,7.0,244.19,132.9,3,Moderate_Stress,1
312.02,372.86,384.12,197.0,8.0,229.21,125.91,0,Normal,0
330.01,413.26,437.99,157.0,5.0,248.58,130.38,2,Moderate_Stress,1
318.39,364.79,385.45,200.0,8.0,224.39,129.33,0,Normal,0
320.1,419.49,434.31,159.0,7.0,247.51,140.2,4,Moderate_Stress,1
321.8,400.63,422.3,166.0,6.0,236.0,141.15,0,Moderate_Stress,0
319.97,390.19,400.66,161.0,7.0,244.48,132.12,0,Normal,0
322.89,390.78,402.65,156.0,6.0,230.94,135.67,0,Normal,0
333.19,406.02,418.98,169.0,5.0,252.92,136.09,3,Severe_Crisis,1
316.2,388.84,402.19,160.0,6.0,233.16,132.62,0,Normal,0
323.89,398.92,409.64,164.0,7.0,231.17,132.26,0,Normal,0
311.9,384.25,406.36,157.0,6.0,237.36,130.61,0,Normal,0
334.85,405.98,420.68,162.0,6.0,243.34,137.25,3,Moderate_Stress,1
303.1,366.6,384.36,200.0,7.0,226.84,125.2,0,Normal,0
340.26,409.79,422.94,151.0,8.0,251.25,136.6,3,Severe_Crisis,1
312.65,377.6,384.49,200.0,8.0,230.03,129.29,0,Normal,0
300.0,376.34,393.69,200.0,8.0,222.41,129.93,0,Normal,0
315.17,388.38,394.82,158.0,8.0,237.5,127.73,0,Normal,0
303.03,339.09,354.74,194.0,8.0,212.94,124.02,0,Normal,0
325.86,401.3,410.46,162.0,5.0,242.71,139.56,0,Moderate_Stress,0
303.46,370.93,396.86,200.0,6.0,213.4,130.92,0,Normal,0
306.56,372.35,392.91,200.0,7.0,227.52,132.08,0,Normal,0
300.0,361.11,377.64,200.0,7.0,216.85,126.0,0,Normal,0
306.47,383.68,405.99,163.0,8.0,237.5,130.11,0,Normal,0
300.0,374.48,386.24,200.0,8.0,227.83,130.27,0,Normal,0
300.0,357.27,375.99,200.0,8.0,219.89,130.22,0,Normal,0
324.66,397.43,414.42,155.0,4.0,240.11,127.4,0,Normal,0
325.04,384.08,401.4,167.0,5.0,228.09,128.03,0,Normal,0
319.63,373.78,396.14,200.0,8.0,236.52,134.06,0,Normal,0
300.0,358.73,378.4,200.0,8.0,229.16,124.86,0,Normal,0
312.53,388.04,405.48,154.0,6.0,233.93,128.48,0,Normal,0
313.2,389.71,397.43,161.0,7.0,240.64,127.0,0,Normal,0
300.0,370.13,381.33,190.0,8.0,220.35,125.16,0,Normal,0
335.8,413.42,428.81,163.0,6.0,241.52,132.32,3,Moderate_Stress,1
326.41,400.53,417.0,157.0,6.0,239.32,140.1,0,Moderate_Stress,0
309.94,370.01,380.36,200.0,8.0,227.32,128.24,0,Normal,0
313.65,385.02,413.08,156.0,8.0,229.17,130.19,0,Normal,0
316.38,391.84,415.42,152.0,4.0,236.76,133.22,0,Normal,0
300.0,372.54,391.55,198.0,8.0,225.57,129.95,0,Normal,0
309.54,387.86,404.22,150.0,6.0,226.32,132.87,0,Normal,0
303.02,375.56,390.5,200.0,8.0,228.29,131.04,0,Normal,0
300.0,368.51,379.75,190.0,7.0,226.95,124.77,0,Normal,0
309.03,386.09,402.48,160.0,6.0,231.45,128.88,0,Normal,0
340.22,410.98,428.27,150.0,7.0,251.3,139.25,3,Severe_Crisis,1
322.86,382.47,392.26,158.0,8.0,226.0,129.91,0,Normal,0
304.68,368.75,386.42,200.0,8.0,225.99,127.37,0,Normal,0
321.84,382.67,397.89,162.0,6.0,226.1,132.55,0,Normal,0
